percentile	age	logQ	Pspin	error	mass	feh
1	0.2716244653911938	8.336993699369938	3.0780347683406575	0.0010347683406575214	1.1960491859661173	0.4930258721155663
